Wakefield,Bronx
Co-op City,Bronx
Eastchester,Bronx
Fieldston,Bronx
Riverdale,Bronx
Kingsbridge,Bronx
Woodlawn,Bronx
Norwood,Bronx
Williamsbridge,Bronx
Baychester,Bronx
Pelham Parkway,Bronx
City Island,Bronx
Bedford Park,Bronx
University Heights,Bronx
Morris Heights,Bronx
Fordham,Bronx
East Tremont,Bronx
West Farms,Bronx
High  Bridge,Bronx
Melrose,Bronx
Mott Haven,Bronx
Port Morris,Bronx
Longwood,Bronx
Hunts Point,Bronx
Morrisania,Bronx
Soundview,Bronx
Clason Point,Bronx
Throgs Neck,Bronx
Country Club,Bronx
Parkchester,Bronx
Westchester Square,Bronx
Van Nest,Bronx
Morris Park,Bronx
Belmont,Bronx
Spuyten Duyvil,Bronx
North Riverdale,Bronx
Pelham Bay,Bronx
Schuylerville,Bronx
Edgewater Park,Bronx
Castle Hill,Bronx
Olinville,Bronx
Pelham Gardens,Bronx
Concourse,Bronx
Unionport,Bronx
Edenwald,Bronx
Claremont Village,Bronx
Concourse Village,Bronx
Mount Eden,Bronx
Mount Hope,Bronx
Bay Ridge,Brooklyn
Bensonhurst,Brooklyn
Sunset Park,Brooklyn
Greenpoint,Brooklyn
Gravesend,Brooklyn
Brighton Beach,Brooklyn
Sheepshead Bay,Brooklyn
Manhattan Terrace,Brooklyn
Flatbush,Brooklyn
Crown Heights,Brooklyn
East Flatbush,Brooklyn
Kensington,Brooklyn
Windsor Terrace,Brooklyn
Prospect Heights,Brooklyn
Brownsville,Brooklyn
Williamsburg,Brooklyn
Bushwick,Brooklyn
Bedford Stuyvesant,Brooklyn
Brooklyn Heights,Brooklyn
Cobble Hill,Brooklyn
Carroll Gardens,Brooklyn
Red Hook,Brooklyn
Gowanus,Brooklyn
Fort Greene,Brooklyn
Park Slope,Brooklyn
Cypress Hills,Brooklyn
East New York,Brooklyn
Starrett City,Brooklyn
Canarsie,Brooklyn
Flatlands,Brooklyn
Mill Island,Brooklyn
Manhattan Beach,Brooklyn
Coney Island,Brooklyn
Bath Beach,Brooklyn
Borough Park,Brooklyn
Dyker Heights,Brooklyn
Gerritsen Beach,Brooklyn
Marine Park,Brooklyn
Clinton Hill,Brooklyn
Sea Gate,Brooklyn
Downtown,Brooklyn
Boerum Hill,Brooklyn
Prospect Lefferts Gardens,Brooklyn
Ocean Hill,Brooklyn
City Line,Brooklyn
Bergen Beach,Brooklyn
Midwood,Brooklyn
Prospect Park South,Brooklyn
Georgetown,Brooklyn
Spring Creek,Brooklyn
East Williamsburg,Brooklyn
North Side,Brooklyn
South Side,Brooklyn
Navy Yard,Brooklyn
Ocean Parkway,Brooklyn
Fort Hamilton,Brooklyn
Ditmas Park,Brooklyn
Wingate,Brooklyn
Rugby,Brooklyn
Remsen Village,Brooklyn
New Lots,Brooklyn
Paerdegat Basin,Brooklyn
Mill Basin,Brooklyn
Fulton Ferry,Brooklyn
Vinegar Hill,Brooklyn
Weeksville,Brooklyn
Broadway Junction,Brooklyn
Dumbo,Brooklyn
Homecrest,Brooklyn
Highland Park,Brooklyn
Madison,Brooklyn
Marble Hill,Manhattan
Chinatown,Manhattan
Washington Heights,Manhattan
Inwood,Manhattan
Hamilton Heights,Manhattan
Manhattanville,Manhattan
Central Harlem,Manhattan
East Harlem,Manhattan
Upper East Side,Manhattan
Yorkville,Manhattan
Lenox Hill,Manhattan
Roosevelt Island,Manhattan
Upper West Side,Manhattan
Lincoln Square,Manhattan
Clinton,Manhattan
Midtown,Manhattan
Murray Hill,Manhattan
Chelsea,Manhattan
Greenwich Village,Manhattan
East Village,Manhattan
Lower East Side,Manhattan
Tribeca,Manhattan
Little Italy,Manhattan
Soho,Manhattan
West Village,Manhattan
Manhattan Valley,Manhattan
Morningside Heights,Manhattan
Gramercy,Manhattan
Battery Park City,Manhattan
Financial District,Manhattan
Carnegie Hill,Manhattan
Noho,Manhattan
Civic Center,Manhattan
Midtown South,Manhattan
Sutton Place,Manhattan
Turtle Bay,Manhattan
Tudor City,Manhattan
Stuyvesant Town,Manhattan
Flatiron,Manhattan
Astoria,Queens
Woodside,Queens
Jackson Heights,Queens
Elmhurst,Queens
Howard Beach,Queens
South Corona,Queens
Forest Hills,Queens
Kew Gardens,Queens
Richmond Hill,Queens
Downtown Flushing,Queens
Long Island City,Queens
Sunnyside,Queens
East Elmhurst,Queens
Maspeth,Queens
Ridgewood,Queens
Glendale,Queens
Rego Park,Queens
Woodhaven,Queens
Ozone Park,Queens
South Ozone Park,Queens
College Point,Queens
Whitestone,Queens
Bayside,Queens
Auburndale,Queens
Little Neck,Queens
Douglaston,Queens
Glen Oaks,Queens
Bellerose,Queens
Kew Gardens Hills,Queens
Fresh Meadows,Queens
Briarwood,Queens
Jamaica Center,Queens
Oakland Gardens,Queens
Queens Village,Queens
Hollis,Queens
South Jamaica,Queens
St. Albans,Queens
Rochdale,Queens
Springfield Gardens,Queens
Cambria Heights,Queens
Rosedale,Queens
Far Rockaway,Queens
Broad Channel,Queens
Breezy Point,Queens
Steinway,Queens
Beechhurst,Queens
Bay Terrace,Queens
Edgemere,Queens
Arverne,Queens
Seaside,Queens
Neponsit,Queens
Murray Hill,Queens
Floral Park,Queens
Holliswood,Queens
Jamaica Estates,Queens
Queensboro Hill,Queens
Hillcrest,Queens
Ravenswood,Queens
Lindenwood,Queens
Laurelton,Queens
Lefrak City,Queens
Belle Harbor,Queens
Rockaway Park,Queens
Somerville,Queens
Brookville,Queens
Bellaire,Queens
North Corona,Queens
Forest Hills Gardens,Queens
Jamaica Hills,Queens
Utopia,Queens
Pomonok,Queens
Astoria Heights,Queens
Hunters Point,Queens
Sunnyside Gardens,Queens
Blissville,Queens
Roxbury,Queens
Middle Village,Queens
Malba,Queens
St. George,Staten Island
New Brighton,Staten Island
Stapleton,Staten Island
Rosebank,Staten Island
West Brighton,Staten Island
Grymes Hill,Staten Island
Todt Hill,Staten Island
South Beach,Staten Island
Port Richmond,Staten Island
Mariner's Harbor,Staten Island
Port Ivory,Staten Island
Castleton Corners,Staten Island
New Springville,Staten Island
Travis,Staten Island
New Dorp,Staten Island
Oakwood,Staten Island
Great Kills,Staten Island
Eltingville,Staten Island
Annadale,Staten Island
Woodrow,Staten Island
Tottenville,Staten Island
Tompkinsville,Staten Island
Silver Lake,Staten Island
Sunnyside,Staten Island
Park Hill,Staten Island
Westerleigh,Staten Island
Graniteville,Staten Island
Arlington,Staten Island
Arrochar,Staten Island
Grasmere,Staten Island
Old Town,Staten Island
Dongan Hills,Staten Island
Midland Beach,Staten Island
Grant City,Staten Island
New Dorp Beach,Staten Island
Bay Terrace,Staten Island
Huguenot,Staten Island
Pleasant Plains,Staten Island
Butler Manor,Staten Island
Charleston,Staten Island
Rossville,Staten Island
Arden Heights,Staten Island
Greenridge,Staten Island
Heartland Village,Staten Island
Chelsea,Staten Island
Bloomfield,Staten Island
Bulls Head,Staten Island
Richmond Town,Staten Island
Shore Acres,Staten Island
Clifton,Staten Island
Concord,Staten Island
Emerson Hill,Staten Island
Randall Manor,Staten Island
Howland Hook,Staten Island
Elm Park,Staten Island
Manor Heights,Staten Island
Willowbrook,Staten Island
Sandy Ground,Staten Island
Egbertville,Staten Island
Prince's Bay,Staten Island
Lighthouse Hill,Staten Island
Richmond Valley,Staten Island
